Cluster,Component Label,Input,Output
PROC0000,"Compare Logical Address And Return Result","Object addressData, Object comparisonValue","Boolean isMatch"
PROC0001,"Create Object From Function Invocation","List fileList, String expression","Object createdObject"
PROC0002,"Query and Order List of Objects by Key","List dataList, String sortKey, Boolean isAscending","List orderedList"
PROC0003,"Handle and Monitor Message Requests","String messageType, Object requestData","Object responseData"
PROC0004,"Filter and Assign List to Variable","List sourceList, Object filterCriteria","List filteredList"
PROC0005,"Convert Data Content and Type","Object inputData, String targetType","Object convertedData"
PROC0006,"Increment a Number and Assign to Variable","Number initialValue, Number incrementValue","Number newValue"
PROC0007,"Serialize and Stream Data","Object sourceData","Object dataStream"
PROC0008,"Apply Application Resources to Object","Object sourceObject, Object resourceConfiguration","Object updatedObject"
PROC0009,"Define and Assign String Variable","String defaultValue","String assignedString"
PROC0010,"Define and Assign Boolean Variable","Boolean defaultValue","Boolean assignedBoolean"
PROC0011,"Validate List and Throw Error Exception","List dataList, String errorMessage","Object errorCode"
PROC0012,"Check for a Null Value","Object inputValue","Boolean isNull"
PROC0013,"Perform Math Operation and Assign to Variable","Number value1, Number value2, String operationType","Number resultValue"
PROC0014,"Calculate a Value from a Data Source","Object data, String calculationType","Object calculatedResult"
PROC0015,"Adjust Object Behavior from Function Arguments","Object targetObject, List arguments","Object adjustedObject"
PROC0016,"Call HTTP API with JSON/XML/Bytes","String url, Object requestData, String httpMethod","Object apiResponse"
PROC0017,"Retrieve File Metadata","String filePath","Object fileMetadata"
PROC0018,"Query and Filter List","List sourceList, Object filterCriteria","List filteredList"
PROC0019,"Concatenate and Assign String Expression","String baseString, List stringParts","String finalString"
PROC0020,"Throw Invalid Argument Exception","String argumentName, String errorMessage","Object exception"
PROC0021,"Initialize UI Components","Object uiConfig","Boolean isInitialized"
PROC0022,"Perform Calculation with Bytes and Assign","List byteList, Number scalarValue","List resultBytes"
PROC0023,"Assign Object with Functional Properties","Object initialObject, Object functionConfig","Object configuredObject"
PROC0024,"Execute Callback After Data Event","Object eventData, Object callbackFunction","Object result"
PROC0025,"Prepare Function Parameters","Object rawData","Object formattedParameters"
PROC0026,"Initialize New Object","Object initialValues","Object newInstance"
PROC0027,"Assert and Log Information of Function Call","Object functionCall, Boolean assertion","Boolean isSuccess"
PROC0028,"Validate and Handle Message Request Error","Object requestData","Object errorMessage"
PROC0029,"Configure UI Elements","Object uiElements, Object settings","Boolean isSuccess"
PROC0030,"Run Application Initialization","Object appConfig","Boolean isRunning"
PROC0031,"Set Up and Configure UI","Object uiConfig","Boolean isConfigured"
PROC0032,"Retrieve HTTP API Response","String url, Object requestData","Object apiResponse"
PROC0033,"Prepare Object for UI Display","Object rawObject","Object displayableObject"
PROC0034,"Prepare Conventional HTTP Request Parameters","Object rawData","Object formattedParameters"
PROC0035,"Initialize UI Event Handlers","Object uiComponents","Boolean isInitialized"
PROC0036,"Update Data to Database Record","Object data, String tableName","Boolean isSuccess"
PROC0037,"Handle Exception During Database Update","Object updateResult","Object errorMessage"
PROC0038,"Prepare Function Parameters from Instruction","String instructionCode","Object parameters"
PROC0039,"Assert Value Comparison","Object value1, Object value2","Boolean areEqual"
PROC0040,"Perform Variable Increment","Number startValue, Number increment","Number finalValue"
PROC0041,"Initialize UI Component Layout","Object layoutConfig","Boolean isInitialized"
PROC0042,"Prepare and Get Metadata","Object sourceObject, String metadataType","Object metadata"
PROC0043,"Throw Argument Null Exception","String argumentName","Object exception"
PROC0044,"Declare Variable and Assign Default Value","Object defaultValue","Object declaredVariable"
PROC0045,"Invoke Function to Get Array Values","Object function, List arguments","List resultList"
PROC0046,"Calculate and Get Dimensions","Object inputDimensions","Object calculatedResult"
PROC0047,"Initialize UI Handlers on Dimension Change","Object uiComponent","Boolean isInitialized"
PROC0048,"Initialize New UI Components on Form/Panel","Object formConfig","Boolean isInitialized"
PROC0049,"Check Equality Comparison","Object value1, Object value2","Boolean areEqual"
PROC0050,"Throw New Invalid Operation Exception","String errorMessage","Object exception"
PROC0051,"Assert Equality of Two Numeric Values","Number value1, Number value2","Boolean areEqual"
PROC0052,"Throw Out of Range Exception","Number index, Number range","Object exception"
PROC0053,"Declare Empty String Variable","","String emptyString"
PROC0054,"Set UI Component Size and Label","Object component, Number width, Number height, String label","Boolean isSuccess"
PROC0055,"Declare and Initialize Empty List Variable","","List emptyList"
PROC0056,"Declare Empty Array Variable","Number size","List emptyArray"
PROC0057,"Declare Numeric Variable and Assign Default Value","Number defaultValue","Number declaredNumber"
PROC0058,"Initialize UI Libraries","Object libraryConfig","Boolean isInitialized"
PROC0059,"Throw Argument Null Exception with Custom Message","Object argument","Object exception"
PROC0060,"Prepare and Log Function Parameters","Object rawParameters","Boolean isLogged"
PROC0061,"Assign Numeric Value to Variable","Number value","Number assignedNumber"
PROC0062,"Assert Expected Value and Throw Exception","Object expectedValue, Object receivedValue","Boolean isMatch"
PROC0063,"Apply UI Configuration Changes","Object configData","Boolean isSuccess"
PROC0064,"Read File into Array and Search","String filePath, String searchKey","Object foundResult"
PROC0065,"Create Object Parameters from Builder Pattern","Object parameterConfig","Object createdParameters"
PROC0066,"Initialize Data Structure with Array","List dataList","Object dataStructure"
PROC0067,"Execute a Transaction on a Data Set","List dataSet, Object transactionConfig","Boolean isSuccess"
PROC0068,"Assign a Default Value to a Variable","Object defaultValue","Object assignedVariable"
PROC0069,"Update Data to Existing Record in a Data Set","Object dataSet, Object updateData","Boolean isUpdated"
PROC0070,"Retrieve and Set Data into Variable","Object sourceData","Object retrievedData"
PROC0071,"Convert File to Stream","String filePath","Object fileStream"
PROC0072,"Format and Display UI Information","String displayString, Object displayConfig","Boolean isDisplayed"
PROC0073,"Modify List with Numeric Parameters","List inputList, Number modifierValue","List modifiedList"
PROC0074,"Trace and Create Function Logs","Object functionCall","Boolean isLogged"
PROC0075,"Handle Database Operations and Response","Object dbConfig, Object query","Object response"
PROC0076,"Get Data from a File Stream","Object fileStream","Object extractedData"
PROC0077,"Add New UI Control to a Container","Object container, Object controlConfig","Boolean isAdded"
PROC0078,"Validate Data Integrity and Throw Exception","Object data, Object validationRules","Boolean isValid"
PROC0079,"Perform Asynchronous HTTP Request","String url, Object requestData","Object apiResponse"
PROC0080,"Assert Data and Handle Exceptions","Object data, String assertCondition","Boolean isSuccess"
PROC0081,"Retrieve Resource from a Path and Assign to Variable","String resourcePath","Object resource"
PROC0082,"Dispatch Method with Arguments","Object method, List arguments","Object response"
PROC0083,"Add Data to a Collection","Object collection, Object data","Boolean isAdded"
PROC0084,"Perform File Operations and Get Path","String filePath, String operation","String resultPath"
PROC0085,"Create Object with a Specific Type","String objectType, Object configuration","Object newObject"
PROC0086,"Process Data and Handle Exceptions","Object rawData","Object processedData"
PROC0087,"Register Components and Log Information","Object component, Object registrationConfig","Boolean isRegistered"
PROC0088,"Validate Input Data and Throw Exception","Object inputData, List validationRules","Boolean isValid"
PROC0089,"Call Internal Function","String functionName, List arguments","Object functionResult"
PROC0090,"Perform Validation on Data Change","Object changedData","Boolean isValid"
PROC0091,"Handle Parallel Data Transformation and UI Events","Object rawData","Object transformedData"
PROC0092,"Initialize UI Panel as Placeholder","Object panelConfig","Boolean isInitialized"
PROC0093,"Perform Low-Level Data Transformation","Object rawData","Object transformedData"
PROC0094,"Throw Invalid Operation Exception","String errorMessage","Object exception"
PROC0095,"Access and Transform Data from Streams","String filePath","Object transformedData"
PROC0096,"Create Service Object with Array Parameters","Object config","Object serviceObject"
PROC0097,"Get Request and Throw Exception","Object requestData","Object response"
PROC0098,"Create New Object Based on Existing Properties","Object sourceObject, List propertiesToCopy","Object newObject"
PROC0099,"Write to File from a Stream","Object dataStream, String filePath","Boolean isSuccess"
PROC0100,"Assign Value to a Variable","Object inputValue","Object assignedValue"
PROC0101,"Call and Retrieve Instance","String instanceName","Object instance"
PROC0102,"Perform String Transformation","String inputString, String transformationType","String transformedString"
PROC0103,"Call and Initialize Database Objects","Object dbConfig","Boolean isInitialized"
PROC0104,"Read Data from a Stream","Object dataStream","Object readData"
PROC0105,"Assert Data and Throw Exception","Object data, String assertion","Boolean isSuccess"
PROC0106,"Declare and Initialize Variable","Object initialValue","Object declaredVariable"
PROC0107,"Transform Data and Throw Exception","Object rawData","Object transformedData"
PROC0108,"Call HTTP API for Data Retrieval","String url","Object apiResponse"
PROC0109,"Get Data from a Resource","Object resource","Object data"
PROC0110,"Validate Request and Throw Exception","Object requestData","Object response"
PROC0111,"Send Data to HTTP Endpoint","String url, Object data","Object response"
PROC0112,"Log Information and Warnings","String message, String logType","Boolean isLogged"
PROC0113,"Handle Data Processing and System Utilities","Object rawData","Object processedData"
PROC0114,"Handle System Control Flow","String controlType, Object parameters","Boolean isSuccess"
PROC0115,"Manage Resources with an API","Object resourceConfig","Boolean isSuccess"
PROC0116,"Validate Input and Throw Exception","Object inputData","Boolean isValid"
PROC0117,"Perform Data Serialization","Object dataObject","String serializedString"
PROC0118,"Assign and Get Object Property","Object targetObject, String propertyName","Object propertyValue"
PROC0119,"Define and Throw Exception","String exceptionType, String message","Object exception"
PROC0120,"Perform Logic Check","Object checkData","Boolean checkResult"
PROC0121,"Assign Values with Increment/Decrement","Number initialValue","Number finalValue"
PROC0122,"Handle and Throw Exceptions","Object rawData","Object processedData"
PROC0123,"Add New Element to a Collection","Object collection, Object newElement","Boolean isAdded"
PROC0124,"Initialize and Assign String to Variable","String initialValue","String assignedString"
PROC0125,"Process Data and Handle Exceptions","Object rawData","Object processedData"
PROC0126,"Perform Math Operation on List Elements","List numberList, String operationType","Number result"
PROC0127,"Apply UI Configuration and Get State","Object configData","Object uiState"
PROC0128,"Add a New Item to a List","List targetList, Object newItem","Boolean isAdded"
PROC0129,"Check if Data Exists and Throw Exception","Object data, String checkCondition","Boolean exists"
PROC0130,"Apply Data Filters","List dataList, Object filter","List filteredList"
PROC0131,"Debug and Write Logs","String logMessage","Boolean isLogged"
PROC0132,"Safely Deserialize JSON","String jsonString","Object dataObject"
PROC0133,"Create New Compound Layout Context","","Object layoutContext"
PROC0134,"Configure Tab Index for UI Form","Object form, Number tabIndex","Boolean isSuccess"
PROC0135,"Calculate and Assign Value to Variable","Object inputData","Object result"
PROC0136,"Assign Data from a Source","Object dataSource","Object assignedData"
PROC0137,"Create a New Database Table","Object tableConfig","Boolean isCreated"
PROC0138,"Validate and Handle Invalid Input Exception","Object inputData","Boolean isValid"
PROC0139,"Add New File Resource","Object fileConfig","Boolean isAdded"
PROC0140,"Remove an Element from a Collection","Object collection, Object elementToRemove","Boolean isRemoved"
PROC0141,"Create and Execute SQL Query","String sqlQuery, List parameters","List queryResult"
PROC0142,"Get Data from an HTTP POST Request","String url, Object requestData","Object apiResponse"
PROC0143,"Check Object Status and Get a Message","Object object, String statusType","String message"
PROC0144,"Initialize Data Structures and Cache","Object cacheConfig","Boolean isInitialized"
PROC0145,"Declare and Use UI Component","Object componentConfig","Boolean isUsed"
PROC0146,"Throw Authorization Failed Exception","Object user, String permission","Object exception"
PROC0147,"Format a String with Parameters","String formatString, List parameters","String formattedString"
PROC0148,"Access and Modify Application Data","Object applicationState","Object modifiedState"
PROC0149,"Define Nullable Variable and Assign Value","Object inputValue","Object nullableVariable"
PROC0150,"Compare and Assert Equality","Object value1, Object value2","Boolean areEqual"
PROC0151,"Log Message from Application Exception","Object exception","Boolean isLogged"
PROC0152,"Transform JSON Data into List","String jsonString","List dataList"
PROC0153,"Initialize Service Components","Object serviceConfig","Boolean isInitialized"
PROC0154,"Manage File Paths","String filePath, String operation","Boolean isSuccess"
PROC0155,"Remove File or Object","Object itemToRemove","Boolean isRemoved"
PROC0156,"Throw Invalid Argument Exception","Object argument","Object exception"
PROC0157,"Perform Logical and Equality Comparison","Object value1, Object value2","Boolean areEqual"
PROC0158,"Check Element Existence in a List","List targetList, Object element","Boolean exists"
PROC0159,"Validate Input and Throw Exception","Object inputData, List validationRules","Object exception"
PROC0160,"Set and Assign Object Properties","Object targetObject, Object properties","Boolean isSuccess"
PROC0161,"Assign String Value with Default","String defaultValue","String assignedString"
PROC0162,"Initialize UI Component Properties","Object component, Object properties","Boolean isInitialized"
PROC0163,"Update Value and Throw Exception","Object targetObject, Object newValue","Boolean isUpdated"
PROC0164,"Retrieve Data from Database","String query","Object data"
PROC0165,"Handle Exceptions from List Operations","List dataList","Object exception"
PROC0166,"Initialize UI Button and Panel","Object componentConfig","Boolean isInitialized"
PROC0167,"Perform Data Transformation and Update","Object rawData","Object transformedData"
PROC0168,"Get Value and Throw Exception","Object sourceObject, String key","Object value"
PROC0169,"Create and Return an Object with Default Values","Object config","Object newObject"
PROC0170,"Manage Files and Throw Exceptions","String filePath","Boolean isSuccess"
PROC0171,"Validate Value and Throw Exception","Object inputValue","Boolean isValid"
PROC0172,"Set Object Property and Return","Object targetObject, String propertyName, Object propertyValue","Boolean isSuccess"
PROC0173,"Add and Assign Values to a List","List targetList, List newValues","List updatedList"
PROC0174,"Check Existence and Get Value","Object sourceObject, String key","Object value"
PROC0175,"Update Object Attribute and File Path","Object targetObject, Object newAttributes","Object updatedObject"
PROC0176,"Perform Asynchronous Data Query","Object query, List parameters","List queryResult"
PROC0177,"Send API Request and Receive JSON Response","String url, Object requestData","Object apiResponse"
PROC0178,"Catch and Throw Exceptions","Object processData","Boolean isSuccess"
PROC0179,"Extract and Manipulate Data","Object rawData","Object extractedData"
PROC0180,"Integrate Application Utility Methods","Object utilityConfig","Boolean isIntegrated"
PROC0181,"Add Common Attributes to Object","Object targetObject","Object updatedObject"
PROC0182,"Initialize Transaction Scope","Object transactionConfig","Boolean isInitialized"
PROC0183,"Execute and Transform Data","Object rawData","Object transformedData"
PROC0184,"Configure and Set UI Display","Object displayConfig","Boolean isSet"
PROC0185,"Handle Exceptions and Set Object Properties","Object targetObject, Object newValue","Object updatedObject"
PROC0186,"Remove an Item from a List","List targetList, Object itemToRemove","Boolean isRemoved"
PROC0187,"Perform String Manipulation","String inputString, String operation","String resultString"
PROC0188,"Initialize UI Elements with List Data","List dataList, Object uiConfig","Boolean isInitialized"
PROC0189,"Perform Mathematical Operation on Numbers","Number value1, Number value2","Number result"
PROC0190,"Throw File Not Found Exception","String filePath","Object exception"
PROC0191,"Create and Add Data to List","Object data","List updatedList"
PROC0192,"Generate String from Format","String formatTemplate","String generatedString"
PROC0193,"Create New Object Instance","String objectType","Object newObject"
PROC0194,"Call API and Handle Response","String url, Object requestData","Object apiResponse"
PROC0195,"Declare and Assign a Variable","Object initialValue","Object assignedVariable"
PROC0196,"Create and Throw Exception","String errorMessage","Object exception"
PROC0197,"Handle and Throw Exceptions","Object processData","Boolean isSuccess"
PROC0198,"Validate Arguments and Throw Exception","List arguments","Boolean isValid"
PROC0199,"Create Instance with Default Configuration","Object config","Object newInstance"
PROC0200,"Get and Set Service Properties","Object service, Object properties","Object updatedService"
PROC0201,"Validate Input and Throw Exception","Object inputData, String validationType","Boolean isValid"
PROC0202,"Get and Set Variable Value","Object variable, Object newValue","Object updatedValue"
PROC0203,"Throw Exception with Detailed Message","String errorMessage, Object contextData","Object exception"
PROC0204,"Create and Initialize Object with Properties","Object config","Object newObject"
PROC0205,"Perform Asynchronous Operation on File","String filePath","Boolean isComplete"
PROC0206,"Perform Data Comparison and Return Result","Object value1, Object value2","Boolean isMatch"
PROC0207,"Read Data from a File","String filePath","String fileContent"
PROC0208,"Throw Exception on Invalid State","Object currentState","Object exception"
PROC0209,"Handle File Exceptions","String filePath","Boolean isHandled"
PROC0210,"Create and Register a Process","Object processConfig","Boolean isRegistered"
PROC0211,"Perform Logical Comparison and Get Value","Object value1, Object value2","Object result"
PROC0212,"Initialize and Add UI Components","Object uiConfig","Boolean isInitialized"
PROC0213,"Validate Data and Throw Exception","Object data","Boolean isValid"
PROC0214,"Get a Value from a Data Structure","Object dataStructure, String key","Object value"
PROC0215,"Create and Get Object Properties","Object config","Object newObject"
PROC0216,"Display UI Elements with Styling","Object uiConfig","Boolean isDisplayed"
PROC0217,"Process and Orchestrate Data","Object rawData","Object processedData"
PROC0218,"Throw Exception with a Message","String errorMessage","Object exception"
PROC0219,"Filter and Order a List","List dataList, Object filterCriteria","List filteredList"
PROC0220,"Initialize and Add Dictionary Collection","Object initialData","Object dictionary"
PROC0221,"Build Dependency and Configuration Graph","Object config","Object graph"
PROC0222,"Assert and Log Category","String category, String logMessage","Boolean isLogged"
PROC0223,"Write Data to a Stream","Object data, Object stream","Boolean isWritten"
PROC0224,"Throw Exception on Invalid Format","String inputString, String format","Object exception"
PROC0225,"Set and Get Object Properties","Object targetObject, Object properties","Object updatedObject"
PROC0226,"Handle Exception During Function Call","Object functionCall","Object result"
PROC0227,"Execute and Validate Process","Object processConfig","Boolean isSuccess"
PROC0228,"Get and Set List Properties","List targetList, Object properties","List updatedList"
PROC0229,"Create and Throw Exception","String exceptionType, String message","Object exception"
PROC0230,"Add Element to a Data Structure","Object dataStructure, Object newElement","Boolean isAdded"
PROC0231,"Get and Return Object Value","Object sourceObject","Object value"
PROC0232,"Log Application Activity","String activityMessage","Boolean isLogged"
PROC0233,"Get and Set List Element","List targetList, Number index, Object newValue","Object updatedValue"
PROC0234,"Get and Set Object Property","Object targetObject, String propertyName","Object propertyValue"
PROC0235,"Throw and Handle Exception","Object data","Boolean isHandled"
PROC0236,"Perform File I/O Operations","String filePath, Object data","Boolean isSuccess"
PROC0237,"Initialize and Add UI Components to Form","Object form, Object components","Boolean isInitialized"
PROC0238,"Create Object and Return Value","Object config","Object newObject"
PROC0239,"Send Request to Workflow and Handle Status","Object requestData","Object workflowStatus"
PROC0240,"Validate and Handle Data Changes","Object changedData","Boolean isValid"
PROC0241,"Assert Condition and Throw Exception","Object condition","Boolean isTrue"
PROC0242,"Instantiate Object and Prepare Dependencies","Object config","Object newObject"
PROC0243,"Read Stream from File/Memory/HTTP","String sourcePath","Object dataStream"
PROC0244,"Manage User Configuration and Data","Object userConfig","Boolean isManaged"
PROC0245,"Get and Handle HTTP Response","Object requestData","Object response"
PROC0246,"Write Data to a Log","String logMessage","Boolean isWritten"
PROC0247,"Get Value and Throw Exception","Object sourceObject, String key","Object value"
PROC0248,"Retrieve Data and Handle Exceptions","Object source","Object data"
PROC0249,"Perform Type Casting and Return Value","Object inputValue, String targetType","Object castedValue"
PROC0250,"Perform Async Write to File","String filePath, Object data","Boolean isWritten"
PROC0251,"Write to File and Return a Message","String filePath, Object data","String message"
PROC0252,"Throw Out of Memory Exception","","Object exception"
PROC0253,"Create Assertions and Handle Exceptions","Object testData","Boolean isSuccessful"
PROC0254,"Get API Response Builder","Object responseConfig","Object responseBuilder"
PROC0255,"Perform Utility and Support Operations","Object inputData, String operationType","Object processedData"
PROC0256,"Execute a Function with Arguments","Object function, List arguments","Object result"
PROC0257,"Get and Set Object Properties","Object targetObject, Object properties","Boolean isUpdated"
PROC0258,"Perform String Operations","String inputString, String operation","String resultString"
PROC0259,"Throw Exception and Log Message","String errorMessage","Boolean isLogged"
PROC0260,"Read Data from a Stream","Object stream","Object data"
PROC0261,"Perform File System Operations","String filePath, String operation","Boolean isSuccess"
PROC0262,"Create and Add to a List","List dataList, Object newItem","Boolean isAdded"
PROC0263,"Call a Function with Parameters","Object function, Object parameters","Object result"
PROC0264,"Validate and Throw Exception","Object inputData","Boolean isValid"
PROC0265,"Get and Set Object Properties","Object targetObject, Object properties","Boolean isUpdated"
PROC0266,"Initialize UI Elements with Data","Object uiConfig, Object data","Boolean isInitialized"
PROC0267,"Perform Validation and Throw Exception","Object inputData","Boolean isValid"
PROC0268,"Get Resource and Throw Exception","String resourceName","Object resource"
PROC0269,"Perform Logical and String Comparison","String value1, String value2","Boolean isMatch"
PROC0270,"Perform Async Update and Throw Exception","Object targetObject, Object updateData","Boolean isUpdated"
PROC0271,"Declare and Assign Default Variable","String variableName, Object defaultValue","Boolean isAssigned"
PROC0272,"Perform Data Transformation","Object rawData","Object transformedData"
PROC0273,"Get and Assign UI Element Value","Object uiElement","Object elementValue"
PROC0274,"Initialize Object from Stream","Object dataStream","Object newObject"
PROC0275,"Process Data with Filter and Grouping","List dataList, Object filter","List processedList"
PROC0276,"Write to File with Options","String filePath, Object data, Object options","Boolean isWritten"
PROC0277,"Throw Exception on Invalid Input","Object inputData","Object exception"
PROC0278,"Perform File Operations and Get Path","String filePath","String resultPath"
PROC0279,"Get Data from List and Throw Exception","List dataList, Number index","Object value"
PROC0280,"Read Data from a URL","String url","Object data"
PROC0281,"Assert and Log Conditions","Object condition, String logMessage","Boolean isAsserted"
PROC0282,"Define and Assign Variable","String variableName, Object defaultValue","Object assignedVariable"
PROC0283,"Perform Object Instantiation","Object config","Object newObject"
PROC0284,"Manage Database Operations","Object dbConfig, String operation","Boolean isManaged"
PROC0285,"Define Disposable Scope of Work","Object workConfig","Boolean isDisposed"
PROC0286,"Declare Variable and Initialize Data Context","Object contextConfig","Object dataContext"
PROC0287,"Retrieve UI Elements and Properties","Object uiConfig","Object uiElements"
PROC0288,"Send Data to HTTP Endpoint","String url, Object data","Object response"
PROC0289,"Handle and Throw Exceptions","Object processData","Boolean isHandled"
PROC0290,"Initialize and Get Object Properties","Object config","Object newObject"
PROC0291,"Read Data from a Stream","Object stream","Object data"
PROC0292,"Assert and Handle Exceptions","Object testData","Boolean isSuccessful"
PROC0293,"Check Condition and Throw Exception","Object condition","Object exception"
PROC0294,"Throw Exception with a Message","String errorMessage","Object exception"
PROC0295,"Instantiate Object from Stream/String","Object source, String sourceType","Object newObject"
PROC0296,"Declare Numeric Variable with Default Value","Number defaultValue","Number declaredNumber"
PROC0297,"Initialize UI Element Events","Object uiElement","Boolean isInitialized"
PROC0298,"Perform Database Query","String sqlQuery, List parameters","List queryResult"
PROC0299,"Get and Set Object Properties","Object targetObject, Object properties","Boolean isUpdated"
PROC0300,"Perform Validation and Return Status","Object inputData","Boolean isValid"
PROC0301,"Get Data from File and Throw Exception","String filePath","Object fileData"
PROC0302,"Handle Exceptions and Set Variable","Object processData","Boolean isHandled"
PROC0303,"Throw Exception on Null Argument","Object argument","Object exception"
PROC0304,"Get and Convert Data from a Stream","Object dataStream","Object convertedData"
PROC0305,"Read Data from a File and Throw Exception","String filePath","Object fileData"
PROC0306,"Check for File and Throw Exception","String filePath","Boolean exists"
PROC0307,"Handle File and Network Operations","String operationType, Object config","Boolean isSuccess"
PROC0308,"Get and Set Object Properties","Object targetObject, Object properties","Boolean isUpdated"
PROC0309,"Get Value and Handle Exceptions","Object sourceObject, String key","Object value"
PROC0310,"Define and Throw Exception","String exceptionType, String message","Object exception"
PROC0311,"Calculate a Value and Get Component","Object inputData","Object calculatedComponent"
PROC0312,"Declare Predefined Type Variable","String typeName, Object defaultValue","Object newVariable"
PROC0313,"Initialize and Get Object Instance","String instanceName","Object instance"
PROC0314,"Send API Request and Handle Response","Object requestData","Object response"
PROC0315,"Get and Handle Exceptions","Object sourceObject","Object result"
PROC0316,"Perform Serialization and Deserialization","Object data","Object processedData"
PROC0317,"Get and Set Object Values","Object targetObject, Object values","Boolean isUpdated"
PROC0318,"Handle Application and Network Exceptions","Object processData","Boolean isHandled"
PROC0319,"Set a Default Value for a Property","Object targetObject, Object defaultValue","Boolean isSet"
PROC0320,"Get a List from a Stream","Object dataStream","List dataList"
PROC0321,"Perform Data Comparison","Object value1, Object value2","Boolean areEqual"
PROC0322,"Read Object from Stream","Object dataStream","Object readObject"
PROC0323,"Perform Bitwise Operation","Number value1, Number value2","Number result"
PROC0324,"Validate Data and Throw Exception","Object data, String validationRule","Boolean isValid"
PROC0325,"Perform Math and Logical Operations","List numbers, String operation","Number result"
PROC0326,"Handle and Throw Application Exception","Object processData","Boolean isHandled"
PROC0327,"Update Application State and Throw Exception","Object updateData","Boolean isUpdated"
PROC0328,"Log Errors and Throw Exceptions","String errorMessage","Boolean isLogged"
PROC0329,"Perform Data Conversion and Transformation","Object rawData","Object transformedData"
PROC0330,"Validate and Set User Data","Object userData","Boolean isValid"
PROC0331,"Add UI Elements and Event Handlers","Object uiConfig","Boolean isAdded"
PROC0332,"Perform Asynchronous Operation","Object taskConfig","Boolean isComplete"
PROC0333,"Manage User Authentication and Profile","Object credentials","Object profile"
PROC0334,"Get and Set Data from a Source","Object source, String key","Object value"
PROC0335,"Perform Data Formatting","Object rawData, String formatType","Object formattedData"
PROC0336,"Validate and Throw Exception","Object inputData","Boolean isValid"
PROC0337,"Get a Value from an Object","Object sourceObject, String key","Object value"
PROC0338,"Update User Information","Object userData","Boolean isUpdated"
PROC0339,"Get and Set Object Properties","Object targetObject, Object properties","Boolean isUpdated"
PROC0340,"Perform Data Stream Operations","Object dataStream","Object processedData"
PROC0341,"Throw Exception on Invalid Argument","String argumentName, String message","Object exception"
PROC0342,"Perform Data Transformation and Update","Object rawData","Object transformedData"
PROC0343,"Throw Invalid Argument Validation Exception","Object argument","Object exception"
PROC0344,"Manage Cloud API Resources via REST","Object resourceConfig, String operation","Object resourceStatus"
PROC0345,"Perform Persistence and Caching Operations","Object data, String key, Number timeToLive","Boolean isSuccess"
PROC0346,"Perform Type Casting and Reflection","Object inputValue, String targetType","Object castedValue"
PROC0347,"Create and Throw Exception","String exceptionType, String message","Object exception"
PROC0348,"Initialize and Get Properties","Object config","Object newObject"
PROC0349,"Perform Data Conversion","Object rawData, String targetType","Object convertedData"
PROC0350,"Validate and Throw Exceptions","Object inputData","Boolean isValid"
PROC0351,"Get File Information and Return Result","String filePath","Object fileInfo"
PROC0352,"Perform Data Manipulation and Transformation","Object rawData","Object transformedData"
PROC0353,"Perform Data Transformation and Get Values","Object rawData","Object transformedData"
PROC0354,"Get File Path and Throw Exception","String filePath","String path"
PROC0355,"Initialize UI Elements from Template","String templateName","Boolean isInitialized"
PROC0356,"Read File and Get Object Properties","String filePath","Object fileProperties"
PROC0357,"Apply Resource Configuration","Object resourceConfig","Boolean isApplied"
PROC0358,"Control Application Behavior and Validation","Object controlConfig","Boolean isControlled"
PROC0359,"Initialize Object with Default Values","Object config","Object newObject"
PROC0360,"Manage Object Lifetime and Throw Exception","Object targetObject, String operation","Boolean isManaged"
PROC0361,"Perform Validation and Throw Exception","Object inputData","Boolean isValid"
PROC0362,"Get and Set Object Properties","Object targetObject, Object properties","Boolean isUpdated"
PROC0363,"Perform Data Aggregation","List dataList","Object aggregatedResult"
PROC0364,"Get and Return Object Instance","String instanceName","Object instance"
PROC0365,"Transform Data and Throw Exception","Object rawData","Object transformedData"
PROC0366,"Manage Application State and Throw Exception","Object stateData","Boolean isManaged"
PROC0367,"Create and Throw Exception with Message","String message","Object exception"
PROC0368,"Perform Logical Comparison","Object value1, Object value2","Boolean isMatch"
PROC0369,"Get Data from File and Throw Exception","String filePath","Object fileData"
PROC0370,"Handle Exceptions and Return Values","Object processData","Object result"
PROC0371,"Check File Existence and Throw Exception","String filePath","Boolean exists"
PROC0372,"Get File Properties and Calculate Value","String filePath","Object result"
PROC0373,"Perform Data Transformation and Throw Exception","Object rawData","Object transformedData"
PROC0374,"Send Message and Throw Exception","Object messageData","Boolean isSent"
PROC0375,"Handle Database Exceptions","Object dbOperation","Boolean isHandled"
PROC0376,"Get Object Properties","Object sourceObject, List propertyNames","Object properties"
PROC0377,"Manage User Profile Data","Object userData","Boolean isManaged"
PROC0378,"Get Data and Throw Exception","Object sourceData","Object extractedData"
PROC0379,"Initialize UI Component Click Event Handler","Object uiComponent","Boolean isInitialized"
PROC0380,"Perform Array and List Operations","List dataList, String operation","List resultList"
PROC0381,"Get File Stream from Path","String filePath","Object fileStream"
PROC0382,"Perform Low-Level Data Sanitization","String rawData","String sanitizedData"
PROC0383,"Apply Application Configuration to UI","Object config","Boolean isApplied"